{
  "AWSEBDockerrunVersion": 2,
  "containerDefinitions": [
    {
      "name": "client",
      "image": "timoshuka/multi-client",
      "hostname": "client",
      "essential": false,
      "memory": 128
    },
    {
      "name": "server",
      "image": "timoshuka/multi-server",
      "hostname": "api",
      "essential": false,
      "memory": 128
    },
    {
      "name": "worker",
      "image": "timoshuka/multi-worker",
      "hostname": "worker",
      "essential": false,
      "memory": 128
    },
    {
      "name": "nginx",
      "image": "timoshuka/multi-nginx",
      "hostname": "nginx",
      "essential": true,
      "portMappings": [
        {
          "hostPort": 80,
          "containerPort": 80
        }
      ],
      "links": ["client", "server"],
      "memory": 128,
    }
  ]
}
